time,temperature,power,door_open
0,10.17640523,2.825296768,0
1,7.464563706,2.337921583,0
2,5.183099948,1.82767984,0
3,3.706508345,1.535687992,0
4,2.470892285,1.223662631,0
5,1.41355801,0.77741262,0
6,0.972927258,0.87036895,0
7,0.320528877,0.967383697,0
8,-0.323064733,0.723203305,0
9,-0.797479252,0.713533218,0
10,-1.16371221,0.487027283,0
11,-1.473087153,0.404417351,0
12,-1.475779882,0.532593059,0
13,-1.593373517,0.34177864,0
14,-1.600546488,0.311827484,0
15,-1.526864707,0.381194849,0
16,-1.634403234,0.387164037,0
17,-1.628513227,0.26127752,0
18,-1.629711912,0.429252157,0
19,-1.580026901,0.474228784,0
20,-1.84811608,0.322491818,0
21,-1.832336235,0.430098997,0
22,-1.679692264,0.603650465,0
23,-2.023108619,0.238303014,0
24,-2.015708746,0.469102758,0
25,-2.074875656,0.336074871,0
26,-2.070354019,0.376128133,0
27,-2.104655403,0.20202042,0
28,-2.083082447,0.527745629,0
29,-2.317951244,0.473165647,0
30,-2.350597415,0.470887012,0
31,-2.579732504,0.295461436,0
32,-2.284951184,0.183069684,0
33,-2.114735341,0.257596146,0
34,-2.108398728,0.513246627,0
35,-2.308389496,0.220888835,0
36,-2.162091718,0.385224986,0
37,-2.092667456,0.37106718,0
38,-2.304147901,0.33310959,0
39,-1.909935761,0.276730625,0
40,-2.198388469,0.264163846,0
41,-1.989788826,0.342196982,0
42,-1.867344945,0.26853786,0
43,-1.950735903,0.4547949,0
44,-2.133746514,0.407686995,0
45,-1.958918313,0.477019317,0
46,-2.104494963,0.360973773,0
47,-2.154290952,0.215717525,0
48,-2.154019597,0.250241103,0
49,-2.091199258,0.394283293,0
50,-2.134728473,0.328270813,0
51,-2.206065393,0.30485864,0
52,-1.91183334,0.350478699,0
53,-1.94418343,0.577486909,0
54,-2.231835327,0.279695017,0
55,-2.072773614,0.39945843,0
56,-2.176519392,0.240893031,0
57,-1.984733553,0.44407118,0
58,-2.08190357,0.286977376,0
59,-2.45004028,0.164397444,0
60,-1.964061291,0.405335889,0
61,-1.9945148,0.366747694,0
62,-2.056189641,0.314969899,0
63,-2.001488486,0.295416155,0
64,-2.031021462,0.421915518,0
65,-1.972948487,0.2916666,0
66,-1.949882241,0.330244464,0
67,-1.967479926,0.275167589,0
68,-1.800629586,0.332295286,0
69,-1.769991775,0.323441907,0
70,-1.979771026,0.415083733,0
71,-2.030949012,0.150182217,0
72,-1.648782577,0.429085693,0
73,-1.837003982,0.578190434,0
74,-2.083766665,0.29415133,0
75,-1.875874598,0.363771015,0
76,-2.052795701,0.493078565,0
77,-2.020710927,0.414839631,0
78,-2.253944772,0.251108334,0
79,-2.036693826,0.329066265,0
80,-2.064243916,0.395446585,0
81,-2.225391176,0.29310536,0
82,-1.998277208,0.30427258,0
83,-1.984492318,0.422478852,0
84,-2.108767678,0.436020845,0
85,-2.316163283,0.282550198,0
86,-2.120236034,0.315222266,0
87,-2.119077465,0.353636143,0
88,-2.201394497,0.278491875,0
89,-2.01744472,0.276041028,0
90,-1.872331848,0.256639135,0
91,-1.651171851,0.244176572,0
92,-1.830117829,0.549931514,0
93,-2.017288695,0.302449998,0
94,-1.958977335,0.373874919,0
95,-1.891475327,0.508158119,0
96,-2.174670453,0.262946978,0
97,-2.074339744,0.404977766,0
98,-1.988134877,0.386369523,0
99,-2.013972494,0.34563729,0
100,-2.133758637,0.283763321,0
101,-2.073606148,0.419441897,0
102,-2.115581288,0.37626742,0
103,-2.126360933,0.154917231,0
104,-2.181300307,0.211489254,0
105,-1.817800155,0.551253462,0
106,-1.970910071,0.333550476,0
107,-2.026788753,0.430434642,0
108,-1.948854545,0.445484285,0
109,-2.30568347,0.112009461,0
110,-1.874690521,0.380954455,0
111,-1.997149372,0.205916656,0
112,-1.883257686,0.350001797,0
113,-1.736992317,0.554601023,0
114,-1.971693547,0.41388375,0
115,-2.191730696,0.40595847,0
116,-2.241148612,0.328760713,0
117,-2.290942504,0.194701042,0
118,-1.928112636,0.364906737,0
119,-2.040402831,0.42950271,0
120,-2.062291993,0.2410804,0
121,-2.049641164,0.3863848,0
122,-2.006855733,0.55073321,0
123,-2.294797181,0.23928866,0
124,-2.173278611,0.333478121,0
125,-2.132382514,0.094661493,0
126,-2.06571833,0.282910871,0
127,-1.978282479,0.486257192,0
128,-1.831640433,0.433272008,0
129,-1.989835508,0.261156574,0
130,-1.859285924,0.112580906,0
131,-1.807463357,0.383936933,0
132,-1.861876346,0.342630394,0
133,-1.720806832,0.675461039,0
134,-2.152100404,0.268156523,0
135,-2.077101971,0.372852849,0
136,-1.922928433,0.341992733,0
137,-2.181370377,0.195810132,0
138,-1.78889134,0.529718139,0
139,-2.177674002,0.364334227,0
140,-2.047392916,0.514788295,0
141,-2.401339603,0.293943875,0
142,-2.088411806,0.473550409,0
143,-2.350313842,0.055976826,0
144,-1.888843491,0.378716913,0
145,-2.047019897,0.320306337,0
146,-1.993953785,0.230351878,0
147,-1.915682022,0.474683326,0
148,-1.909777582,0.304854108,0
149,-1.900139627,0.302169496,0
150,-2.178935364,0.316246345,0
151,-2.085332288,0.352440512,0
152,-1.993613428,0.370933055,0
153,-1.938485619,0.366003448,0
154,-1.90658839,0.332296441,0
155,-1.994085945,0.156002401,0
156,-1.879739648,0.452547823,0
157,-2.054971778,0.393336834,0
158,-1.943886459,0.252819046,0
159,-1.915402041,0.273903942,0
160,-1.918100044,0.408111873,0
161,-1.762081935,0.386534672,0
162,-1.858479883,0.340389267,0
163,-1.913190982,0.35417094,0
164,-1.853555898,0.412251119,0
165,-1.85792084,0.355989939,0
166,-1.989963846,0.229387612,0
167,-1.532467577,0.374776581,0
168,-1.822100417,0.348555672,0
169,-1.983858779,0.435260424,0
170,-1.971062148,0.492547294,0
171,-2.121837514,0.203838646,0
172,-1.860238545,0.37072359,0
173,-2.112775499,0.359160963,0
174,-1.976851877,0.399600835,0
175,-2.056279176,0.245470074,0
176,-1.905324403,0.378724734,0
177,-2.019703692,0.14563769,0
178,-1.840353977,0.19347062,0
179,-1.663160797,0.323469683,0
180,-1.481576905,0.493293278,0
181,-1.84312136,0.31572936,0
182,-1.537064329,0.281499294,0
183,-1.69019037,0.261722269,0
184,-1.665603216,0.52595433,0
185,-1.846622374,0.400472254,0
186,-1.99656792,0.229632116,0
187,-1.86955403,0.469733767,0
188,-1.739101766,0.423329348,0
189,-1.957159614,0.288935412,0
190,-1.754675352,0.388936781,0
191,-2.021373884,0.307038139,0
192,-1.874750169,0.33650099,0
193,-1.981908795,0.434885645,0
194,-2.024073582,0.263606129,0
195,-2.106605052,0.385079843,0
196,-1.942365577,0.26272669,0
197,-2.049662229,0.263497335,0
198,-1.770941921,0.467814992,0
199,-2.034800328,0.420309418,0
200,-1.924179789,0.5347822,0
201,-2.155908398,0.385875365,0
202,-2.184812953,0.156337938,0
203,-2.091255389,0.403747295,0
204,-2.06410259,0.33910742,0
205,-1.940578681,0.269972919,0
206,-2.005354871,0.169796271,0
207,-2.056766873,0.487582222,0
208,-1.876593112,0.240531705,0
209,-1.714624075,0.331288099,0
210,-1.912458591,0.498755318,0
211,-2.012996877,0.304934294,0
212,-1.793261856,0.469928012,0
213,-2.143552705,0.3710947,0
214,-2.247592322,0.289234937,0
215,-2.126780229,0.371482478,0
216,-2.111055388,0.495981096,0
217,-2.219590629,0.304967313,0
218,-2.228306481,0.245220393,0
219,-2.093695024,0.364264507,0
220,-1.921004927,0.31481469,0
221,-2.013490426,0.352459409,0
222,-2.115193218,0.29439441,0
223,-1.940056632,0.402630223,0
224,-1.957698844,0.304546968,0
225,-1.840997767,0.123520783,0
226,-1.807088728,0.253243369,0
227,-1.806735873,0.335125809,0
228,-1.564329579,0.454384526,0
229,-1.875458223,0.377014558,0
230,-1.802355849,0.287854965,0
231,-1.911523769,0.47583285,0
232,-1.92572724,0.277035518,0
233,-1.804516467,0.394192134,0
234,-1.752017398,0.303135878,0
235,-1.780581604,0.487523534,0
236,-1.957818627,0.278286586,0
237,-2.033846419,0.201038729,0
238,-1.862271516,0.223386957,0
239,-1.655398983,0.272746934,0
240,-1.557340908,0.457562974,0
241,-1.744792432,0.497110853,0
242,-1.945330647,0.220799141,0
243,-1.674094925,0.40964576,0
244,-1.774010196,0.379920519,0
245,-1.754354185,0.531630568,0
246,-2.02500412,0.578961657,0
247,-2.310053172,0.447266441,0
248,-2.318671391,0.148457375,0
249,-2.231996638,0.224372006,0
250,-1.988342287,0.482114069,0
251,-2.155669481,0.346426171,0
252,-2.102536155,0.317869799,0
253,-2.219192957,0.359055771,0
254,-2.044795796,0.260565467,0
255,-2.034772997,0.306490292,0
256,-1.973688553,0.438260905,0
257,-2.091691244,0.265869142,0
258,-1.988928107,0.49112891,0
259,-2.210876342,0.267194419,0
260,-2.085720103,0.294653434,0
261,-2.02568125,0.251075727,0
262,-1.964969754,0.4294429,0
263,-1.902179517,0.289621857,0
264,-1.921524638,0.406982154,0
265,-2.067847257,0.392026817,0
266,-2.09648282,0.341174839,0
267,-2.097811708,0.384515017,0
268,-2.088324423,0.356238475,0
269,-2.14267002,0.242413694,0
270,-1.964161322,0.189298899,0
271,-1.805504823,0.3471513,0
272,-1.664698132,0.337848872,0
273,-1.967016074,0.281226339,0
274,-1.789992219,0.32419201,0
275,-1.649551179,0.460352317,0
276,-1.700807754,0.44003737,0
277,-2.028495384,0.487636173,0
278,-2.056711339,0.278735305,0
279,-2.02268666,0.329860279,0
280,-1.696958405,0.429558283,0
281,-2.123328325,0.346319283,0
282,-2.069993625,0.327163723,0
283,-1.921713444,0.394088763,0
284,-2.218950513,0.163210772,0
285,-1.934157093,0.371921729,0
286,-1.898536249,0.26547571,0
287,-1.936208594,0.322628501,0
288,-1.799109372,0.291449456,0
289,-1.912272868,0.435291643,0
290,-1.985601471,0.329769545,0
291,-2.07218399,0.408729095,0
292,-1.910985326,0.434128744,0
293,-2.132051817,0.266945651,0
294,-1.926390057,0.417213775,0
295,-1.978332703,0.424744562,0
296,-1.846247039,0.557742731,0
297,-2.211761275,0.380682924,0
298,-2.431976037,0.203371607,0
299,-1.981566411,0.324786197,0
300,-2.272414513,0.300223707,0
301,-2.077443343,0.474965883,0
302,-2.380291027,0.146685981,0
303,-1.892666229,0.354490925,0
304,-1.915912466,0.347533324,0
305,-2.038969999,0.366120558,0
306,-2.05039616,0.369818514,0
307,-2.206125626,0.26319234,0
308,-1.899988408,0.437840328,0
309,-1.981691122,0.377648486,0
310,-2.091965682,0.215905135,0
311,-2.060480154,0.379995798,0
312,-2.075953373,0.434023008,0
313,-2.056144422,0.149534926,0
314,-1.877947235,0.479886346,0
315,-1.993688842,0.323579932,0
316,-2.029023953,0.293192255,0
317,-1.921864832,0.367506213,0
318,-2.180941094,0.372782142,0
319,-2.129611464,0.48255976,0
320,-2.252184194,0.178123023,0
321,-1.832580116,0.437143629,0
322,-2.039932373,0.430064645,0
323,-2.199308176,0.190639684,0
324,-1.958118618,0.317574805,0
325,-1.931106235,0.347556908,0
326,-1.923407709,0.350791013,0
327,-2.071470603,0.439615523,0
328,-2.130526382,0.497572219,0
329,-2.372333126,0.22058352,0
330,-1.839381017,0.393832884,1
331,-1.023777784,0.618486844,1
332,-0.380796839,0.499738351,1
333,0.347826635,0.785496093,1
334,0.583007273,0.981774852,1
335,1.045268444,0.924075471,1
336,1.40194806,1.066314528,1
337,1.358999363,0.810294271,1
338,1.961638968,1.059886882,1
339,1.85614384,1.03984932,1
340,1.841857745,1.172472371,1
341,1.863448297,1.047143387,1
342,2.071053634,1.11045239,1
343,2.0369003,1.207612884,1
344,1.977826285,1.050300762,1
345,2.06668487,1.179262021,1
346,1.845896075,1.073944187,1
347,2.068165951,1.123477436,1
348,2.097489561,1.136866066,1
349,2.091268276,1.142657888,1
350,1.944183295,1.201348525,0
351,1.067427101,0.930991924,0
352,0.431369531,0.830281106,0
353,-0.144191385,0.83568794,0
354,-0.493394468,0.57387521,0
355,-0.813853289,0.525966768,0
356,-1.169830155,0.665647933,0
357,-1.394594953,0.533332923,0
358,-1.491488441,0.418421135,0
359,-1.602772964,0.512580513,0
360,-1.889165923,0.636460387,0
361,-1.869542302,0.334864364,0
362,-2.254458188,0.22952485,0
363,-1.898145062,0.293093799,0
364,-2.028352626,0.285697472,0
365,-1.863244692,0.454434758,0
366,-1.914424218,0.525968226,0
367,-2.303785427,0.24091796,0
368,-1.919334528,0.382597475,0
369,-2.045378209,0.379833755,0
370,-2.121558557,0.3248673,0
371,-2.108558176,0.343755248,0
372,-2.064991419,0.242108435,0
373,-1.945110357,0.314046855,0
374,-2.062249608,0.532259943,0
375,-2.201619935,0.261651809,0
376,-1.920953028,0.436678922,0
377,-2.060832238,0.304623325,0
378,-2.111755708,0.153230083,0
379,-1.997232117,0.070333297,0
380,-1.667503356,0.301543923,0
381,-1.56490001,0.326072243,0
382,-1.492034339,0.198137686,0
383,-1.528155204,0.396344056,0
384,-1.400699842,0.350050744,0
385,-1.483663,0.46801084,0
386,-1.535846167,0.506373219,0
387,-1.732637434,0.104011227,0
388,-1.37292193,0.519079461,0
389,-1.704851693,0.409176761,0
390,-1.898156613,0.270549505,0
391,-1.9025437,0.306988521,0
392,-1.6819632,0.348052857,0
393,-1.692322864,0.407961154,0
394,-1.677590223,0.38726878,0
395,-1.872454643,0.432163603,0
396,-1.847876869,0.306631448,0
397,-1.886014016,0.507600775,0
398,-1.7524792,0.379423309,0
399,-2.003408145,0.249433491,0
400,-2.011915795,0.395219979,0
401,-2.031220303,0.235821623,0
402,-1.893284002,0.359148707,0
403,-1.801178151,0.399631115,0
404,-1.856243688,0.276494823,0
405,-2.043820284,0.423022126,0
406,-1.960029514,0.348828156,0
407,-1.795485659,0.374765515,0
408,-1.998052635,0.573591112,0
409,-2.45941649,0.099669346,0
410,-2.097411427,0.35889467,0
411,-2.172535872,0.48955577,0
412,-2.036595051,0.336976703,0
413,-2.219212278,0.265838714,0
414,-2.050515704,0.331251331,0
415,-2.212088747,0.371887705,0
416,-2.020961301,0.500510889,0
417,-2.350425381,0.438691076,0
418,-2.391315289,0.371412906,0
419,-2.37666051,0.359720966,0
420,-2.40415786,0.277665242,0
421,-2.425896085,0.263815136,0
422,-2.24705088,0.269029512,0
423,-1.902702302,0.272651328,0
424,-2.025297908,0.59896358,0
425,-2.103323418,0.353455713,0
426,-2.150428641,0.423213191,0
427,-2.412768784,0.129403168,0
428,-2.046087438,0.325793353,0
429,-2.21709091,0.432638703,0
430,-2.189346381,0.164898431,0
431,-1.963765066,0.177501406,0
432,-1.8704779,0.319472629,0
433,-1.73623955,0.33035922,0
434,-1.847389938,0.535328693,0
435,-1.970701248,0.224574783,0
436,-1.822276334,0.363910335,0
437,-1.916509518,0.313498716,0
438,-1.811284046,0.520657319,0
439,-2.039701974,0.196869052,0
440,-1.833949028,0.499363575,0
441,-1.974869093,0.186574456,0
442,-1.932972179,0.268731523,0
443,-1.611420332,0.459627774,0
444,-2.05458191,0.161444756,0
445,-1.687696525,0.414352905,0
446,-1.878699463,0.475657323,0
447,-1.947040271,0.399024286,0
448,-2.066773781,0.346785958,0
449,-1.954078884,0.367801908,0
450,-1.889514871,0.36353553,0
451,-1.884253105,0.212675526,0
452,-1.657408062,0.465348878,0
453,-1.865821502,0.38072657,0
454,-2.180393282,0.263217867,0
455,-1.817662893,0.390279221,0
456,-2.15492465,0.391949705,0
457,-1.934572685,0.279499856,0
458,-1.973714007,0.250118159,0
459,-1.847933566,0.296450042,0
460,-1.666248941,0.322723188,0
461,-1.669369476,0.476063042,0
462,-1.886616474,0.332578089,0
463,-2.142409997,0.335698665,0
464,-1.874983486,0.327274676,0
465,-2.014008421,0.40761199,0
466,-2.166787898,0.13275776,0
467,-1.664717352,0.425714848,0
468,-1.73454844,0.263939785,0
469,-1.66214614,0.545551974,0
470,-1.909619081,0.36711046,0
471,-2.023615996,0.445409903,0
472,-2.149101383,0.500301123,0
473,-2.198394881,0.311082774,0
474,-2.066678814,0.376717306,0
475,-2.301974069,0.126972992,0
476,-2.041479288,0.375214704,0
477,-1.890884772,0.373197894,1
478,-1.029682806,0.604959673,1
479,-0.387949899,0.675083858,1
480,0.282851822,0.833850003,1
481,0.627811978,0.832692189,1
482,0.944984672,0.926340001,1
483,1.348043514,0.868642542,1
484,1.758359751,1.028636241,1
485,1.547957506,0.929556818,1
486,1.907021673,1.104465357,1
487,2.074701471,1.16712603,1
488,2.128157289,1.184876231,1
489,1.917428543,1.096469292,1
490,2.017896185,1.139334695,1
491,1.946660829,1.055419225,1
492,1.894588717,1.126730752,1
493,1.988381,1.154439623,1
494,2.05204608,1.170981216,1
495,1.984584747,1.289114505,1
496,1.773044766,1.093808569,1
497,1.811826554,1.190093007,0
498,1.025185912,0.888024593,0
499,0.378749056,0.897716628,0
500,-0.280338336,0.52976201,0
501,-0.416521005,0.762114757,0
502,-0.815978526,0.525192182,0
503,-0.913717641,0.402334774,0
504,-1.171089886,0.594039911,0
505,-1.410575596,0.482966701,0
506,-1.367743316,0.311646716,0
507,-1.508380279,0.434055173,0
508,-1.602351011,0.48080155,0
509,-1.669825494,0.541809323,0
510,-1.937287465,0.329767015,0
511,-1.788964507,0.438165589,0
512,-1.877476466,0.210369846,0
513,-1.991272227,0.457163346,0
514,-1.93680466,0.256269509,0
515,-1.982699327,0.306716034,0
516,-1.7806148,0.312914382,0
517,-1.769783413,0.40015154,0
518,-1.890263751,0.591776884,0
519,-2.246809735,0.082744901,0
520,-1.937148516,0.370421699,0
521,-1.791953109,0.370780868,0
522,-1.902915273,0.568290137,0
523,-2.137210446,0.324420648,0
524,-2.113334204,0.323644806,0
525,-1.994907135,0.352770134,0
526,-2.128502162,0.322286657,0
527,-2.009829108,0.26912396,0
528,-2.007415758,0.265321099,0
529,-2.136754079,0.19667045,0
530,-1.6318507,0.349636275,0
531,-1.686880182,0.552776305,0
532,-2.09387643,0.200127677,0
533,-1.856139283,0.370690982,0
534,-1.939848924,0.313945681,0
535,-1.788145926,0.456733942,0
536,-1.916652758,0.306307405,0
537,-1.791908824,0.200243968,0
538,-1.778954386,0.513570291,0
539,-1.944504139,0.363723834,0
540,-1.875037593,0.396028418,0
541,-2.00240353,0.320923379,0
542,-1.854735632,0.45094259,0
543,-2.189457645,0.336114164,0
544,-2.110909558,0.455113463,0
545,-2.355480482,0.190213471,0
546,-2.002536642,0.37426331,0
547,-2.142255176,0.342270704,0
548,-1.739497239,0.424386384,0
549,-1.92297418,0.245662394,0
550,-2.047275251,0.478763139,0
551,-1.991062763,0.405631147,0
552,-2.202493353,0.359998327,0
553,-2.078647526,0.233003182,0
554,-2.051149166,0.202831054,0
555,-2.135024061,0.485660144,0
556,-2.079225215,0.322813794,0
557,-1.999391346,0.395738092,0
558,-2.042221653,0.495835303,0
559,-2.243400148,0.452483905,0
560,-2.271624321,0.303003679,0
561,-2.43878372,0.255877107,0
562,-2.480032758,0.145650782,0
563,-2.013251437,0.477667809,0
564,-2.138079292,0.19150779,0
565,-2.039563446,0.337359539,0
566,-2.03873583,0.30869477,0
567,-1.896414197,0.415195297,0
568,-2.041823521,0.298493862,0
569,-2.001329476,0.275794575,0
570,-2.113290641,0.189167371,0
571,-1.740854567,0.261803466,0
572,-1.811302936,0.494332095,0
573,-1.788224822,0.315035785,0
574,-1.857797942,0.310000256,0
575,-1.771619114,0.362214017,0
576,-1.788921203,0.479766675,0
577,-1.889339789,0.453106115,0
578,-1.890662492,0.262443406,0
579,-1.874020326,0.206723039,0
580,-1.924209049,0.271901167,0
581,-1.814898339,0.363566529,0
582,-1.837956928,0.396575331,0
583,-1.789931226,0.329115684,0
584,-1.837226847,0.556011848,0
585,-1.860962294,0.267978598,0
586,-1.993558242,0.300328838,0
587,-1.789301996,0.467526169,0
588,-2.006671096,0.391091043,0
589,-2.103080272,0.251661141,0
590,-2.034814578,0.128706278,0
591,-1.645063869,0.376195742,0
592,-1.613860927,0.330717154,0
593,-1.702149137,0.50839423,0
594,-1.985047786,0.236080868,0
595,-1.875742411,0.237865568,0
596,-1.680097078,0.442772128,0
597,-1.899097777,0.525881449,0
598,-2.179737901,0.21563152,0
599,-1.86009452,0.437511127,0
600,-1.964546466,0.429983693,0
601,-2.04213376,0.37485307,0
602,-2.000086355,0.287760182,0
603,-2.151834645,0.300788163,0
604,-1.917954975,0.366121395,0
605,-2.011926686,0.397276183,0
606,-2.020959769,0.507653979,0
607,-2.041976478,0.210952552,0
608,-2.013066258,0.286598004,0
609,-2.08954321,0.339359148,0
610,-2.007886137,0.433887046,0
611,-2.101045534,0.576223086,0
612,-2.166317469,0.260638406,0
613,-2.214856729,0.440667272,0
614,-2.231273235,0.299097237,0
615,-2.262115065,0.374276032,0
616,-2.293240428,0.291710235,0
617,-2.176407916,0.379722614,0
618,-2.192704098,0.299836936,0
619,-2.222342647,0.485577747,0
620,-2.246974835,0.341534533,0
621,-2.32382668,0.335199359,0
622,-2.245482868,0.209104996,0
623,-2.198278667,0.365329953,0
624,-2.299285588,0.376357688,0
625,-2.258047023,0.494513294,0
626,-2.281077032,0.185948485,0
627,-2.182555684,0.132963694,0
628,-1.987685771,0.430223574,0
629,-1.74868957,0.401911235,0
630,-2.137205555,0.176664816,0
631,-2.067744549,0.156473972,0
632,-1.678181354,0.351507971,0
633,-1.797060054,0.34766706,0
634,-1.790541268,0.541840895,0
635,-1.721875921,0.380001546,0
636,-1.97626163,0.311504476,0
637,-1.892416572,0.322533864,0
638,-1.968324354,0.334039211,0
639,-1.875235134,0.416013152,0
640,-2.031097982,0.42906338,0
641,-1.886800442,0.435993302,0
642,-2.157597916,0.511060991,0
643,-2.284282893,0.387001935,0
644,-2.275268885,0.259034564,0
645,-2.198699755,0.324670698,0
646,-2.196161552,0.243197375,0
647,-2.209874351,0.268768404,0
648,-1.953032552,0.411556012,0
649,-1.969092385,0.315196069,0
650,-1.963670558,0.309905483,0
651,-1.815741329,0.476934011,0
652,-2.211578294,0.252875623,0
653,-1.899624064,0.276562466,0
654,-1.937886938,0.236845124,0
655,-1.781989782,0.334526328,0
656,-1.980026614,0.389021269,0
657,-2.033235165,0.189060822,0
658,-1.79343585,0.323946413,0
659,-1.636082449,0.436689925,0
660,-1.95254508,0.288512474,0
661,-1.739472281,0.416186609,0
662,-1.66066346,0.559432931,0
663,-2.105539713,0.396053715,0
664,-2.266459516,0.353970798,0
665,-2.073139764,0.453154998,0
666,-2.437564696,0.299989053,0
667,-2.179096057,0.27280039,0
668,-2.17782536,0.403268814,0
669,-2.185755598,0.323066713,0
670,-1.979528213,0.375884696,0
671,-2.067929555,0.409131576,0
672,-2.201180832,0.335777124,0
673,-2.272726863,0.21184349,0
674,-2.019937959,0.450036305,0
675,-2.438078677,0.390729768,0
676,-1.967071506,0.3346084,0
677,-2.247720928,0.15428198,0
678,-1.96526778,0.436247151,0
679,-1.968056098,0.442690496,0
680,-2.185660568,0.386620038,0
681,-2.132785148,0.271575102,0
682,-2.034734361,0.343291648,0
683,-2.2142896,0.369057572,0
684,-2.219941256,0.35421981,0
685,-2.138346163,0.1956965,0
686,-2.122559862,0.130120171,0
687,-1.57420891,0.278956784,0
688,-1.713781473,0.603199906,0
689,-1.886111277,0.448282713,0
690,-2.142265452,0.296471242,0
691,-2.097606541,0.390539212,1
692,-0.99614766,0.331402133,1
693,-0.09222303,0.621988271,1
694,0.560272651,0.907083413,1
695,0.839274186,1.06283959,1
696,1.03615551,0.879363555,1
697,1.237864777,0.907832005,1
698,1.756482355,1.121081802,1
699,1.839748339,1.111935879,1
700,1.735737279,1.199563949,1
701,1.639311819,1.086769984,1
702,1.758620248,0.935539213,1
703,2.081380376,0.985682449,1
704,2.177491947,1.099485502,1
705,2.088622173,1.199127004,1
706,2.112078213,1.166889743,1
707,1.817761092,1.178535182,1
708,1.924243243,1.117447965,1
709,1.968283266,1.165947235,1
710,1.996556379,1.331405203,1
711,1.719488543,1.20093371,0
712,0.964423036,0.821462879,0
713,0.226167482,0.64323605,0
714,-0.096823649,0.803764632,0
715,-0.528711942,0.384918755,0
716,-0.531437376,0.623784519,0
717,-0.713264747,0.41596698,0
718,-1.123059113,0.521597471,0
719,-1.218174204,0.561869953,0
720,-1.407984947,0.464555345,0
721,-1.396705224,0.347604351,0
722,-1.439157922,0.516795602,0
723,-1.457844738,0.526425453,0
724,-1.918023546,0.591823661,0
725,-2.158435271,0.244594429,0
726,-2.026444965,0.50499737,0
727,-2.156991711,0.365160577,0
728,-2.06937687,0.306865205,0
729,-1.97243304,0.45374609,0
730,-2.229913501,0.205207631,0
731,-2.22616134,0.343667946,0
732,-2.102471605,0.289887135,0
733,-2.069051613,0.419944469,0
734,-2.062415679,0.284807703,0
735,-2.085651061,0.220210845,0
736,-2.037931528,0.21456231,0
737,-1.906909095,0.389351586,0
738,-1.828969587,0.288711807,0
739,-1.837585122,0.271718286,0
740,-1.652863358,0.450830713,0
741,-1.974812023,0.46314319,0
742,-1.974926451,0.255071708,0
743,-1.926420365,0.369115478,0
744,-1.966737648,0.388752417,0
745,-2.038331125,0.337323029,0
746,-1.854460775,0.460943218,0
747,-2.070165706,0.414341308,0
748,-2.143671218,0.348707456,0
749,-2.156578757,0.279339336,0
750,-2.020796579,0.400186028,0
751,-1.984612856,0.308173715,0
752,-1.948702722,0.487663909,0
753,-2.270386083,0.156454819,0
754,-1.874070046,0.360227041,0
755,-1.811992604,0.489822515,0
756,-2.181180143,0.214601136,0
757,-1.974374194,0.334427714,0
758,-1.923363668,0.362136159,0
759,-2.022657032,0.436387443,0
760,-2.19739936,0.199229539,0
761,-1.944660959,0.513444928,0
762,-2.256148812,0.141490592,0
763,-1.803444139,0.471923743,0
764,-2.104738597,0.307335969,0
765,-1.958945697,0.324934984,0
766,-2.040301256,0.121389213,0
767,-1.582875249,0.379288991,0
768,-1.68208122,0.35724299,0
769,-1.690617038,0.541141194,0
770,-1.835625063,0.40368194,0
771,-2.113265981,0.289173295,0
772,-2.094175824,0.171587074,0
773,-1.9021452,0.275555301,0
774,-1.841600127,0.507667508,0
775,-1.882702853,0.345414651,0
776,-1.817286842,0.524961304,0
777,-1.984663084,0.343940681,0
778,-2.03356432,0.242496156,0
779,-1.963539414,0.439499753,0
780,-2.20117979,0.192645008,0
781,-1.825423031,0.213652461,0
782,-1.78182029,0.253039234,0
783,-1.653769778,0.279012991,0
784,-1.817545773,0.426998873,0
785,-1.733482473,0.309508746,0
786,-1.839858834,0.461583188,0
787,-1.972415513,0.386137237,0
788,-1.829495562,0.364754499,0
789,-1.7196255,0.33215798,0
790,-1.96394974,0.31081041,0
791,-1.843591186,0.40122147,0
792,-1.835493961,0.490131273,0
793,-2.068977593,0.121392634,0
794,-1.803095693,0.366971625,0
795,-1.742912673,0.367361462,0
796,-1.813300154,0.403450601,0
797,-1.842050118,0.260338402,0
798,-1.67559843,0.471752554,0
799,-2.118672099,0.334790838,0
800,-2.102490529,0.362264212,0
801,-1.900609359,0.221898567,0
802,-1.910382983,0.366767851,0
803,-1.768634996,0.115206195,0
804,-1.689854,0.388559765,0
805,-1.632364686,0.360932751,0
806,-1.61299263,0.448424618,0
807,-1.896465457,0.292060067,0
808,-1.892888669,0.537587452,0
809,-1.958372886,0.388952672,0
810,-2.095000527,0.547001205,0
811,-2.211253122,0.338005476,0
812,-2.282598609,0.350167215,0
813,-2.209307316,0.197231264,0
814,-2.065371153,0.252204752,0
815,-2.103063823,0.305221919,0
816,-1.780116591,0.271964966,0
817,-1.927345734,0.272041546,0
818,-1.799154736,0.590983981,0
819,-1.941346749,0.692388085,0
820,-2.318780221,0.077800742,0
821,-2.06887833,0.329612811,0
822,-2.075410501,0.276227635,0
823,-1.924480501,0.515783973,0
824,-2.116435052,0.239059805,0
825,-1.961573182,0.397282985,0
826,-2.172676428,0.269641799,0
827,-1.992458632,0.374003078,0
828,-2.143762529,0.308561907,0
829,-1.93299549,0.377383562,0
830,-2.030803808,0.338525404,0
831,-2.219950377,0.307408378,0
832,-2.037286688,0.325927349,0
833,-2.016694814,0.313637248,0
834,-1.802907405,0.365038139,0
835,-2.04827117,0.302667355,0
836,-1.917872058,0.312792336,0
837,-1.785108375,0.336201601,0
838,-1.755606366,0.435679093,0
839,-2.119000507,0.440364693,0
840,-2.212509833,0.350535922,0
841,-2.100591139,0.167854362,0
842,-1.972017282,0.286974592,0
843,-1.581288481,0.355593838,0
844,-1.878730948,0.305409197,0
845,-1.841995404,0.661571684,0
846,-2.218626425,0.395097914,0
847,-2.214213308,0.464688026,0
848,-2.383826634,0.362074084,0
849,-2.1214202,0.18689261,0
850,-2.191905273,0.344728187,0
851,-2.117338412,0.282573963,0
852,-1.930225955,0.2258448,0
853,-1.94519266,0.270407888,0
854,-1.732997713,0.438300814,0
855,-1.941123005,0.469870066,1
856,-1.001971906,0.670065665,1
857,-0.306029464,0.71234056,1
858,0.260985133,0.736748376,1
859,0.683413758,1.011277377,1
860,0.987593706,0.891749995,1
861,1.110301954,0.784748425,1
862,1.751967088,1.109537101,1
863,1.7096788,1.062701892,1
864,1.876895173,1.229378213,1
865,1.583623735,1.066428272,1
866,1.784252707,0.898527091,1
867,1.920934263,1.187737909,1
868,1.856691227,1.097460614,1
869,1.815127252,1.146194485,1
870,1.930578944,1.310644246,1
871,1.644211066,0.907436554,1
872,1.901786533,1.296862247,1
873,1.914669793,1.145345787,1
874,1.87010719,1.022319818,1
875,1.802734171,1.188663561,0
876,1.136101624,0.919574859,0
877,0.427143113,0.666855817,0
878,0.085971636,0.562555014,0
879,-0.200533132,0.751324057,0
880,-0.569255702,0.50351101,0
881,-0.696487919,0.585610177,0
882,-1.199763486,0.583419652,0
883,-1.298654292,0.481431829,0
884,-1.22121563,0.645441783,0
885,-1.760142676,0.405072345,0
886,-1.800014437,0.341968402,0
887,-1.778755213,0.377703031,0
888,-1.728073302,0.461246423,0
889,-1.829226985,0.399344656,0
890,-2.157889985,0.315637165,0
891,-2.042644788,0.299970875,0
892,-2.067609512,0.469758631,0
893,-2.257302953,0.264310953,0
894,-1.970875904,0.273698312,0
895,-1.960678564,0.324457992,0
896,-1.957272018,0.519818456,0
897,-2.156769695,0.323376511,0
898,-2.119365243,0.173826938,0
899,-1.729724975,0.404262507,0
900,-2.058126767,0.439444018,0
901,-2.110721795,0.137273853,0
902,-1.849096601,0.5065737,0
903,-1.93435958,0.453848571,0
904,-2.116248432,0.344960292,0
905,-1.9674574,0.423067449,0
906,-1.979143363,0.375611929,0
907,-1.997786202,0.342287908,0
908,-2.02919502,0.311030132,0
909,-2.03735749,0.263825228,0
910,-2.200386575,0.472920909,0
911,-2.097681909,0.27635894,0
912,-2.235056245,0.434131464,0
913,-2.170115263,0.320488248,0
914,-2.074382996,0.501954507,0
915,-2.344345199,0.050435184,0
916,-1.923680865,0.448648949,0
917,-2.087381065,0.031873916,0
918,-1.694028328,0.411880454,0
919,-1.866735844,0.35931781,0
920,-2.019125048,0.449306901,0
921,-1.954593121,0.342741484,0
922,-1.991143708,0.371638555,0
923,-2.001690464,0.454460569,0
924,-2.078227616,0.129431285,0
925,-1.806339317,0.263064124,0
926,-1.869619503,0.322832333,0
927,-1.823368863,0.422740027,0
928,-1.882214992,0.394874628,0
929,-2.016899302,0.380451694,0
930,-1.961494543,0.524004987,0
931,-2.137924208,0.523337014,0
932,-2.260818328,0.385586841,0
933,-2.349319884,0.369287555,0
934,-2.218420498,0.31351442,0
935,-2.284440329,0.234790805,0
936,-2.359457499,0.35321846,0
937,-2.139010654,0.403937579,0
938,-2.350877985,0.246315273,0
939,-1.989546656,0.307062485,0
940,-1.942686588,0.30488455,0
941,-1.977708219,0.448341529,0
942,-2.098177352,0.390381217,0
943,-2.179473262,0.33523765,0
944,-2.230064925,0.32036406,0
945,-2.086668873,0.439645464,0
946,-2.105799313,0.382578157,0
947,-2.312901417,0.208941244,0
948,-2.164994533,0.284209288,0
949,-2.153697054,0.391836124,0
950,-2.104892285,0.394142544,0
951,-1.989422513,0.36646189,0
952,-2.143335768,0.154875521,0
953,-2.001235063,0.281672277,0
954,-1.768244853,0.355023549,0
955,-2.019338122,0.365965081,0
956,-1.879398358,0.384226413,0
957,-2.046007662,0.501844365,0
958,-2.132628526,0.261493817,0
959,-2.051838544,0.44077708,0
960,-2.224791461,0.512864704,0
961,-2.265371668,0.169602349,0
962,-2.111534803,0.40677919,0
963,-2.211584399,0.410332861,0
964,-2.392519971,0.176873944,0
965,-2.074347616,0.362341541,0
966,-1.945589517,0.506169873,0
967,-2.30680403,0.291060625,0
968,-2.155266766,0.413432647,0
969,-2.262192661,0.260717833,0
970,-2.105492253,0.269710738,0
971,-1.971631201,0.322555425,0
972,-1.928363738,0.374533232,0
973,-2.045038544,0.216731597,0
974,-1.911456901,0.155863556,0
975,-1.881279378,0.31536004,0
976,-1.793314312,0.344104814,0
977,-1.711106608,0.312460729,0
978,-1.826555528,0.045458895,0
979,-1.389729765,0.481701961,0
980,-1.558957248,0.395437625,0
981,-1.716642235,0.399464251,0
982,-1.5764601,0.369954177,0
983,-1.673372325,0.334795696,0
984,-1.727769242,0.580094016,0
985,-1.841232429,0.276200385,0
986,-1.990842239,0.414132572,0
987,-2.093953442,0.572444086,0
988,-2.112909027,0.47797489,0
989,-2.193295125,0.316684219,0
990,-2.237024352,0.323160797,0
991,-2.324606278,0.238124109,0
992,-1.982287125,0.234904375,0
993,-2.001053411,0.456311789,0
994,-2.152201715,0.390206818,0
995,-2.188358827,0.332760094,0
996,-2.238927622,0.453401006,0
997,-2.17551424,0.271393749,0
998,-2.513742125,0.344609255,0
999,-2.094329262,0.320881199,0
1000,-2.239654521,0.491109466,0
1001,-2.287944878,0.333670866,0
1002,-2.139877109,0.432401979,0
1003,-2.220565575,0.200442303,0
1004,-2.083917599,0.523922064,0
1005,-2.391418808,0.319528738,0
1006,-2.503711012,0.411430595,0
1007,-2.396401021,0.312733958,0
1008,-2.237186758,0.263962312,0
1009,-2.232432145,0.293237302,0
1010,-2.366127834,0.258937323,0
1011,-2.201846157,0.42234622,0
1012,-2.213897805,0.303192357,0
1013,-1.984268485,0.188990908,0
1014,-1.876881082,0.353203095,0
1015,-1.905329019,0.629001383,0
1016,-2.147899948,0.361758513,0
1017,-2.256004927,0.283248584,0
1018,-2.165713132,0.354569003,0
1019,-2.131393901,0.210104734,0
1020,-2.10609831,0.254088704,0
1021,-1.948885169,0.245162403,0
1022,-1.762028848,0.162710488,0
1023,-1.625969066,0.332954279,0
1024,-1.64474952,0.515184887,0
1025,-1.70348773,0.318125605,0
1026,-1.672067669,0.277884609,0
1027,-1.764319186,0.300001931,0
1028,-1.914863401,0.251912306,0
1029,-1.767534348,0.430378547,0
1030,-1.640663213,0.383284207,0
1031,-1.78715195,0.398865545,0
1032,-1.769770561,0.366774678,0
1033,-1.77788175,0.302226884,0
1034,-1.786007477,0.44809489,0
1035,-1.969716012,0.28360829,0
1036,-1.83459668,0.230641149,0
1037,-1.811548544,0.444674723,0
1038,-1.817830619,0.350459418,0
1039,-1.752383044,0.423812373,0
1040,-2.010938734,0.300809822,0
1041,-1.689136278,0.50356121,0
1042,-2.010701163,0.19831868,0
1043,-1.938060951,0.283581006,0
1044,-1.800955486,0.468671836,0
1045,-1.866529008,0.547966692,0
1046,-2.06632549,0.334543778,0
1047,-2.16531962,0.258301385,0
1048,-2.134802805,0.392780409,0
1049,-2.204268052,0.166956026,0
1050,-1.918909776,0.308719261,0
1051,-1.835449001,0.286197493,0
1052,-1.766345387,0.445078095,0
1053,-2.023274098,0.276302037,0
1054,-1.739072301,0.404664806,0
1055,-1.893054862,0.421668725,0
1056,-1.838212575,0.295263596,0
1057,-1.826310351,0.238146497,0
1058,-1.624857873,0.5226666,0
1059,-1.980824316,0.206998441,0
1060,-1.85170901,0.302306918,0
1061,-1.664322263,0.574844369,0
1062,-1.983001412,0.537769715,0
1063,-2.053688945,0.342300824,0
1064,-2.13454293,0.097466402,0
1065,-2.081255644,0.224698005,0
1066,-1.83546713,0.27410512,0
1067,-2.039738905,0.319085895,0
1068,-1.711348169,0.598764616,0
1069,-1.90049867,0.413518975,0
1070,-1.970532407,0.437002486,0
1071,-2.230632323,0.387938383,0
1072,-2.122397284,0.260558895,1
1073,-0.999994903,0.620716822,1
1074,-0.298496274,0.790971138,1
1075,0.142420364,0.769579861,1
1076,0.702839694,0.791447384,1
1077,1.263608406,0.858836265,1
1078,1.376230897,1.015552024,1
1079,1.514552129,0.910991875,1
1080,1.619627376,1.185896248,1
1081,1.714232112,0.994656453,1
1082,1.80726725,1.083090905,1
1083,1.82126965,1.042667437,1
1084,1.893037573,1.120973606,1
1085,2.067741863,1.252745131,1
1086,1.976784735,1.394998653,1
1087,1.664607653,1.062722335,1
1088,1.595023908,1.064040625,1
1089,1.866874774,0.993435409,1
1090,1.905378646,1.07278139,1
1091,2.015222273,1.228927409,1
1092,1.960222925,1.274353716,0
1093,0.766816536,0.738325468,0
1094,0.615642747,0.881698759,0
1095,-0.284154813,0.836313362,0
1096,-0.584772692,0.63627846,0
1097,-0.721768003,0.599547901,0
1098,-1.176203617,0.597114826,0
1099,-1.325555127,0.29428151,0
1100,-1.308754372,0.537738405,0
1101,-1.585038686,0.529517415,0
1102,-1.905569755,0.388771333,0
1103,-1.804265056,0.213391814,0
1104,-1.589554943,0.320995789,0
1105,-1.847473309,0.383417553,0
1106,-1.622045436,0.497111761,0
1107,-1.906637944,0.293207162,0
1108,-1.767532152,0.547451265,0
1109,-2.11285478,0.511247193,0
1110,-2.110093421,0.420650438,0
1111,-2.207197343,0.230478568,0
1112,-2.057615171,0.234688835,0
1113,-1.912557995,0.315502674,0
1114,-2.08035921,0.371422994,0
1115,-2.048827769,0.27750454,0
1116,-1.894902828,0.396857797,0
1117,-1.96700655,0.38412085,0
1118,-1.999174454,0.450730125,0
1119,-2.142153332,0.273863703,0
1120,-2.15547629,0.108285021,0
1121,-1.970616988,0.437270393,0
1122,-1.913556382,0.446944796,0
1123,-1.785169007,0.511176408,0
1124,-2.082720771,0.361820545,0
1125,-2.213358644,0.25338476,0
1126,-2.29173703,0.306776238,0
1127,-2.028698823,0.233122381,0
1128,-1.778492277,0.536649048,0
1129,-2.250605724,0.260518563,0
1130,-2.114808222,0.394325402,0
1131,-2.072626167,0.536318922,0
1132,-2.355258265,0.247322042,0
1133,-2.225176926,0.120817426,0
1134,-2.002933213,0.323362061,0
1135,-1.765799988,0.540634103,0
1136,-2.035060234,0.343298995,0
1137,-2.067789108,0.363832337,0
1138,-2.136333531,0.464756175,0
1139,-2.313010654,0.144802824,0
1140,-1.960022423,0.422174155,0
1141,-2.099948961,0.415483335,0
1142,-2.05990041,0.307332622,0
1143,-2.112095703,0.342778379,0
1144,-1.982515367,0.344173156,0
1145,-2.147258554,0.423958827,0
1146,-2.264776662,0.286168813,0
1147,-2.004580447,0.321409229,0
1148,-2.212408572,0.296540123,0
1149,-2.0069055,0.39280585,0
1150,-2.009179757,0.393566966,0
1151,-2.010193516,0.332038342,0
1152,-2.161363104,0.303679033,0
1153,-1.877029741,0.408530648,0
1154,-2.222619754,0.307889066,0
1155,-2.052382762,0.498515747,0
1156,-2.137702287,0.240988683,0
1157,-2.120662944,0.30470538,0
1158,-2.244004858,0.349856863,0
1159,-1.992356421,0.580491501,0
1160,-2.235282768,0.532881486,0
1161,-2.294870279,0.330222855,0
1162,-2.378460499,0.289925406,0
1163,-2.446322516,0.336635079,0
1164,-2.32074105,0.257168269,0
1165,-2.217659278,0.227472738,0
1166,-2.23305741,0.066426189,0
1167,-1.934736735,0.518380918,0
1168,-1.895208411,0.352463176,0
1169,-2.054556008,0.412017673,0
1170,-2.15013231,0.288943115,0
1171,-2.029327733,0.265902021,0
1172,-2.036816127,0.403742563,0
1173,-2.25133513,0.212369911,0
1174,-1.989534402,0.20887279,0
1175,-1.753931078,0.506276617,0
1176,-1.796670105,0.435627658,0
1177,-1.962517469,0.316391462,0
1178,-1.96433507,0.331067872,0
1179,-2.056685665,0.28714303,0
1180,-1.764436547,0.369601818,0
1181,-2.006512217,0.522390517,0
1182,-2.106917356,0.527585837,0
1183,-2.298618523,0.152392598,0
1184,-2.030700664,0.339272312,0
1185,-2.090800223,0.226133526,0
1186,-1.934470135,0.348590791,0
1187,-1.792531858,0.453694675,0
1188,-2.15163368,0.285854937,0
1189,-2.018006073,0.50714962,0
1190,-2.287704572,0.29115571,0
1191,-2.02110283,0.112732708,0
1192,-1.605946539,0.428803857,0
1193,-2.007702749,0.395514341,0
1194,-1.936069019,0.478147999,0
1195,-2.197660101,0.318901772,0
1196,-2.136231973,0.319313231,0
1197,-2.118022485,0.443756626,0
1198,-2.167991309,0.306567189,0
1199,-2.180752081,0.398837291,0
1200,-2.065242572,0.313564845,0
1201,-2.202172168,0.249091487,0
1202,-2.135467373,0.339424832,0
1203,-2.040918632,0.269299061,0
1204,-1.970218408,0.192612865,0
1205,-1.760939261,0.420529343,0
1206,-1.725181451,0.372314351,0
1207,-2.00128961,0.446409615,0
1208,-1.994994509,0.257121953,0
1209,-1.881822663,0.382493487,0
1210,-1.851742753,0.346580542,0
1211,-1.817948163,0.378489431,0
1212,-1.945880337,0.515755059,0
1213,-2.216734967,0.212428363,0
1214,-2.029146488,0.449487909,0
1215,-2.153479519,0.155533467,0
1216,-2.085594989,0.352689706,0
1217,-1.985923499,0.335596689,0
1218,-1.917847453,0.260052513,0
1219,-1.872181,0.368145481,0
1220,-1.757654152,0.362906327,0
1221,-1.946995227,0.144234398,0
1222,-1.667825638,0.391197076,0
1223,-1.840797739,0.420961353,0
1224,-1.912978173,0.324274042,1
1225,-0.93904183,0.533080319,1
1226,0.181386805,0.797082018,1
1227,0.431797871,0.7736708,1
1228,1.051041982,0.985931928,1
1229,1.232331146,1.01857532,1
1230,1.356310427,0.906894284,1
1231,1.637629077,1.025415868,1
1232,1.689732648,1.094760945,1
1233,1.830762409,1.145726226,1
1234,1.697996721,1.17019741,1
1235,1.841104312,1.129002491,1
1236,1.741662393,1.077282664,1
1237,1.765746928,1.200181584,1
1238,1.87099675,1.050043753,1
1239,2.109103936,1.267501642,1
1240,1.788175343,1.199195412,1
1241,1.640227797,1.001654914,1
1242,1.972825399,1.093346939,1
1243,1.86689709,1.068333832,1
1244,1.778403497,1.162486529,0
1245,1.233787089,1.031715078,0
1246,0.38558203,0.747015721,0
1247,-0.104630292,0.6739308,0
1248,-0.37024863,0.691817029,0
1249,-0.817039066,0.806403436,0
1250,-1.192616002,0.604842854,0
1251,-1.618685506,0.409298365,0
1252,-1.536490095,0.605374059,0
1253,-1.690713133,0.301448302,0
1254,-1.750537472,0.563440635,0
1255,-1.944981325,0.405920634,0
1256,-2.187858484,0.440193482,0
1257,-2.19784001,0.22857127,0
1258,-1.947684838,0.349944077,0
1259,-1.991131606,0.183644834,0
1260,-1.993584084,0.15719494,0
1261,-1.714826628,0.476721812,0
1262,-1.975328597,0.308012053,0
1263,-1.79896876,0.447167542,0
1264,-2.045391252,0.409893836,0
1265,-1.788313528,0.392081585,0
1266,-2.065065922,0.287838314,0
1267,-1.841996701,0.386569181,0
1268,-2.205027551,0.486160157,0
1269,-2.038090462,0.239174006,0
1270,-2.072054457,0.263060904,0
1271,-1.987897438,0.465910332,0
1272,-1.918085296,0.45896956,0
1273,-2.085465723,0.303700794,0
1274,-2.196742191,0.338659412,0
1275,-2.201216823,0.233246919,0
1276,-1.99367405,0.369933266,0
1277,-2.093567404,0.372612116,0
1278,-2.029346801,0.393155948,0
1279,-1.879406906,0.574721259,0
1280,-2.238143847,0.332419068,0
1281,-2.290395622,0.269078914,0
1282,-2.226620759,0.303002019,0
1283,-2.023229448,0.453211239,0
1284,-2.31544261,0.272082221,0
1285,-2.316737682,0.269927207,0
1286,-1.998279899,0.216057358,0
1287,-2.025207402,0.485728902,0
1288,-1.956004751,0.263630694,0
1289,-2.151894538,0.414474385,0
1290,-2.138730428,0.448073608,0
1291,-2.123354915,0.358204325,0
1292,-2.146528699,0.258666702,0
1293,-1.920462524,0.359169995,0
1294,-2.252427607,0.291611011,0
1295,-1.987685305,0.281368232,0
1296,-1.913297885,0.297319575,0
1297,-1.999836427,0.320616852,0
1298,-2.070571993,0.33163579,0
1299,-1.991241375,0.233947493,0
1300,-1.767232821,0.5158343,0
1301,-1.875151108,0.425832052,0
1302,-2.064168982,0.474760362,0
1303,-2.025942822,0.321911894,0
1304,-2.116961758,0.202313218,0
1305,-2.010951609,0.110929333,0
1306,-1.830388231,0.43676623,0
1307,-1.712134923,0.397789182,0
1308,-1.858729416,0.437477285,0
1309,-1.9835108,0.357465592,0
1310,-2.011522193,0.514411483,0
1311,-2.064282265,0.302174444,0
1312,-2.236275142,0.362538892,0
1313,-2.216431252,0.426518477,0
1314,-2.205551277,0.361198277,0
1315,-2.112348828,0.459527925,0
1316,-2.313128557,0.348241559,0
1317,-2.474965993,0.298044218,0
1318,-2.162495872,0.325493452,0
1319,-2.152954783,0.408657944,0
1320,-2.342421649,0.229555246,0
1321,-2.250629562,0.273983548,0
1322,-2.296979956,0.306953461,0
1323,-2.190565616,0.50277522,0
1324,-2.116418926,0.131525132,0
1325,-1.933812003,0.305900859,0
1326,-1.995794981,0.282484249,0
1327,-1.977626937,0.377416413,0
1328,-1.906903263,0.294873728,0
1329,-2.036501733,0.591848274,0
1330,-2.158467601,0.319977131,0
1331,-1.986578501,0.241028412,0
1332,-1.931869402,0.286861197,0
1333,-1.865881643,0.1749017,0
1334,-1.784235938,0.508267958,0
1335,-1.910705928,0.362905204,0
1336,-2.100257835,0.523185466,0
1337,-2.160952636,0.121447967,0
1338,-1.910334102,0.339614838,0
1339,-1.806427207,0.449304393,0
1340,-1.917726555,0.562546064,0
1341,-2.147720619,0.247731688,0
1342,-2.017806374,0.235306394,0
1343,-1.860543999,0.457128946,0
1344,-2.029216326,0.445583646,0
1345,-2.183765485,0.305032507,0
1346,-2.196600997,0.310140635,0
1347,-2.292798582,0.217894715,0
1348,-2.050270389,0.240823348,0
1349,-1.879842678,0.355026585,0
1350,-1.873676365,0.453432842,0
1351,-2.076454315,0.3882079,0
1352,-2.128194797,0.463079184,0
1353,-2.10881536,0.229879194,0
1354,-2.197950547,0.339638164,0
1355,-2.081963052,0.357356649,0
1356,-2.082825749,0.299426397,0
1357,-2.000838611,0.349329795,0
1358,-1.960771926,0.277222044,0
1359,-2.073083353,0.256865277,0
1360,-1.893775215,0.260516115,0
1361,-1.581881785,0.396339631,0
1362,-1.819201969,0.190198071,0
1363,-1.514444112,0.527667613,0
1364,-1.885784569,0.299458903,0
1365,-1.674952655,0.290162122,0
1366,-1.950164065,0.459764779,0
1367,-1.94002849,0.343587078,0
1368,-1.897688292,0.380855452,0
1369,-2.063682486,0.208377431,0
1370,-1.698383172,0.321119513,0
1371,-1.687166228,0.292576308,0
1372,-1.646795585,0.295136985,0
1373,-1.54807766,0.336787801,0
1374,-1.766372417,0.401629481,0
1375,-1.771338741,0.367700776,0
1376,-1.734559122,0.256911043,0
1377,-1.524066128,0.379626064,0
1378,-1.726697839,0.179435746,0
1379,-1.59665837,0.425061476,0
1380,-1.625816057,0.401704859,0
1381,-1.781160829,0.275246019,0
1382,-1.693947636,0.298452311,0
1383,-1.609673535,0.577975411,0
1384,-1.819807141,0.391620653,0
1385,-2.099399802,0.42647536,0
1386,-1.939980756,0.34898681,0
1387,-1.816886682,0.384502325,0
1388,-2.066752507,0.447666702,0
1389,-2.124909181,0.498945707,0
1390,-2.271394966,0.301224666,0
1391,-2.079330258,0.510847107,0
1392,-2.3339581,0.190662129,0
1393,-2.260526642,0.408459789,0
1394,-2.2686368,0.369282022,0
1395,-2.336316337,0.143115196,0
1396,-1.928519363,0.339872018,0
1397,-2.042851637,0.335346025,0
1398,-2.055567154,0.183022806,0
1399,-1.882442019,0.392809823,0
1400,-1.704799644,0.42082961,0
1401,-2.08936558,0.423787171,0
1402,-1.995562549,0.429942204,0
1403,-2.259918847,0.292724777,0
1404,-2.120776553,0.395995402,0
1405,-2.063021885,0.274812775,0
1406,-2.074399579,0.212444055,0
1407,-2.090837501,0.386589354,0
1408,-2.094051214,0.326953804,0
1409,-1.716167292,0.255700124,0
1410,-1.758003735,0.39230017,0
1411,-1.869329165,0.540312998,0
1412,-2.08467627,0.339757979,0
1413,-2.150458896,0.470924163,0
1414,-2.070081637,0.392775323,0
1415,-2.346284154,0.222134981,0
1416,-2.07692174,0.313645813,0
1417,-2.210629379,0.182647142,0
1418,-1.887078215,0.573956092,0
1419,-2.25810536,0.172345306,0
1420,-1.984679051,0.42998228,0
1421,-2.048179227,0.28745004,0
1422,-1.912075613,0.259966092,0
1423,-1.969756678,0.44372129,0
1424,-1.95833035,0.321794659,0
1425,-2.008648146,0.347044873,0
1426,-2.011215652,0.465690397,0
1427,-2.120063812,0.312603493,0
1428,-2.053295735,0.58176634,0
1429,-2.05627202,0.3929283,0
1430,-2.115810065,0.38062324,0
1431,-2.280817646,0.254414199,0
1432,-2.294478274,0.302507208,0
1433,-2.196357897,0.234205845,0
1434,-2.039704643,0.397162471,0
1435,-2.19900626,0.274100222,0
1436,-2.036818346,0.35842596,0
1437,-2.029035965,0.339706884,0
1438,-2.031587253,0.168440657,0
1439,-1.882258061,0.492765926,0
1440,-1.960890091,0.273346272,0
1441,-1.937939827,0.357072139,0
1442,-1.769362866,0.420878928,0
1443,-1.932252281,0.367170747,0
1444,-2.000198415,0.272046918,0
1445,-2.045706383,0.311116597,0
1446,-1.916191256,0.419252102,0
1447,-2.259880617,0.232352346,0
1448,-2.002606352,0.395540766,0
1449,-2.100865634,0.252103517,0
1450,-2.015529236,0.39316344,0
1451,-1.900911432,0.153362571,0
1452,-1.830082967,0.460395728,0
1453,-1.824714067,0.279626232,0
1454,-1.722547712,0.619831009,0
1455,-2.082789531,0.487097983,0
1456,-2.194983135,0.323855556,0
1457,-2.155270465,0.398473514,0
1458,-2.197504306,0.436529899,0
1459,-2.293118879,0.18322877,0
1460,-2.030972479,0.304250274,0
1461,-2.211545434,0.246297983,0
1462,-1.964881245,0.294497296,0
1463,-1.920192294,0.362270889,0
1464,-1.950975815,0.294342733,1
1465,-0.792661095,0.56168322,1
1466,-0.248000495,0.716735583,1
1467,0.348243887,0.833271055,1
1468,0.824619907,0.862469163,1
1469,1.33266224,1.032006105,1
1470,1.273920093,0.877195102,1
1471,1.490677361,1.136813866,1
1472,1.737150078,1.089457326,1
1473,1.805735445,1.094576035,1
1474,1.683143375,1.268394544,1
1475,1.863521055,1.218435451,1
1476,1.72051658,1.19195525,1
1477,1.56290745,0.963162855,1
1478,1.672000176,0.988963719,1
1479,1.871146446,1.046071437,1
1480,1.896454032,1.109199397,1
1481,2.083518146,1.120087469,1
1482,1.984628138,1.16520585,1
1483,1.964031037,0.954441647,1
1484,2.139869814,1.142356406,0
1485,1.137694988,0.967264968,0
1486,0.490542922,0.775976552,0
1487,0.132398015,0.656367616,0
1488,-0.141081018,0.745174493,0
1489,-0.534279148,0.783738542,0
1490,-1.14687222,0.521940559,0
1491,-1.35871963,0.427830577,0
1492,-1.42299234,0.52430017,0
1493,-1.645511986,0.431610388,0
1494,-1.788361446,0.415112501,0
1495,-1.612606786,0.471878201,0
1496,-1.695132852,0.540180538,0
1497,-1.969119352,0.338079687,0
1498,-1.9824594,0.328075499,0
1499,-2.098162473,0.348054654,0
1500,-2.016714598,0.26498115,0
1501,-1.682842039,0.472284594,0
1502,-2.064289189,0.426884416,0
1503,-2.007056354,0.271317657,0
1504,-1.940560898,0.389728473,0
1505,-2.245910487,0.250408432,0
1506,-2.100452456,0.383809369,0
1507,-2.279648126,0.392257438,0
1508,-2.221197864,0.446822582,0
1509,-2.011075217,0.365837356,0
1510,-2.082897597,0.115133745,0
1511,-1.81074171,0.312327394,0
1512,-2.057593135,0.523222775,0
1513,-2.174754443,0.306684423,0
1514,-2.206703734,0.267329123,0
1515,-2.012749934,0.334593454,0
1516,-2.041391851,0.340458719,0
1517,-1.829335923,0.339433686,0
1518,-2.050223459,0.234742891,0
1519,-1.82643205,0.368239105,0
1520,-1.826955722,0.276312827,0
1521,-1.812382661,0.405815241,0
1522,-2.048741134,0.453289795,0
1523,-2.073339819,0.198024581,0
1524,-1.801140418,0.492924175,0
1525,-2.007765956,0.309769268,0
1526,-1.715219782,0.3879942,0
1527,-1.909884762,0.244145589,0
1528,-1.965176681,0.226884886,0
1529,-1.679911409,0.317718958,0
1530,-1.564464674,0.506466596,0
1531,-1.778846155,0.369330319,0
1532,-1.916336965,0.362976424,0
1533,-1.885783939,0.400907149,0
1534,-1.971203833,0.325616663,0
1535,-2.008085621,0.383652103,0
1536,-2.066579586,0.324316729,0
1537,-1.920428346,0.482069404,0
1538,-2.19452964,0.247756469,0
1539,-1.965105419,0.228489358,0
1540,-2.097655952,0.414257961,0
1541,-1.928599692,0.324271646,0
1542,-1.914023784,0.518862094,0
1543,-2.168208927,0.379395918,0
1544,-2.236424403,0.354928909,0
1545,-2.142098572,0.346502369,0
1546,-2.30094434,0.244356565,0
1547,-2.082303494,0.50428465,0
1548,-2.233234496,0.29881518,0
1549,-2.23667229,0.272291513,0
1550,-2.022572833,0.359782867,0
1551,-2.236288789,0.475870713,0
1552,-2.123012132,0.322573645,0
1553,-2.341066652,0.246433032,0
1554,-2.07978729,0.375067306,0
1555,-2.183613812,0.245038222,0
1556,-2.015055863,0.353721841,0
1557,-2.103177522,0.312350429,0
1558,-2.063852906,0.469451351,0
1559,-2.094883477,0.429838375,0
1560,-2.24443169,0.250566848,0
1561,-2.055907464,0.392050077,0
1562,-2.004486931,0.244625848,0
1563,-1.791183531,0.326936039,0
1564,-1.955059501,0.27020286,0
1565,-1.694556222,0.420155412,0
1566,-2.068254686,0.332003842,0
1567,-1.74938848,0.271957392,0
1568,-1.968532768,0.360599134,0
1569,-2.020135347,0.522321216,0
1570,-1.978843543,0.403382992,0
1571,-2.150969689,0.342932133,0
1572,-2.202478856,0.298859976,0
1573,-1.945298723,0.510465637,0
1574,-2.327061324,0.316832125,0
1575,-2.199043965,0.289414781,0
1576,-2.208782209,0.233967118,0
1577,-2.1349335,0.412924531,0
1578,-2.212149814,0.333086692,0
1579,-2.181723528,0.282291008,0
1580,-2.134955962,0.317854913,0
1581,-1.99185069,0.490846542,0
1582,-2.03491326,0.262152564,0
1583,-2.214196696,0.258166128,0
1584,-1.719068025,0.218822961,0
1585,-1.82809342,0.383341329,0
1586,-1.9873329,0.317913086,0
1587,-1.856408774,0.399421123,0
1588,-1.770840115,0.465439182,0
1589,-1.987066563,0.487062727,0
1590,-2.202400012,0.176439609,0
1591,-1.918784915,0.57049664,0
1592,-2.199075663,0.296442497,0
1593,-2.24276381,0.305170512,0
1594,-2.127103314,0.404104859,0
1595,-2.27545089,0.24184606,0
1596,-2.157105796,0.349544243,0
1597,-2.199207787,0.268517994,0
1598,-1.722306346,0.323829119,0
1599,-1.883038435,0.369408325,0
1600,-1.958775574,0.459249991,0
1601,-2.183032157,0.319125495,0
1602,-1.914056812,0.324268246,0
1603,-2.12353494,0.30684244,0
1604,-1.950903326,0.379397614,0
1605,-1.898795342,0.365051844,0
1606,-2.275019729,0.215144967,0
1607,-1.951015619,0.278857505,0
1608,-1.811360069,0.417944329,0
1609,-1.781849181,0.245870473,0
1610,-1.800813474,0.401327593,0
1611,-1.750810791,0.316043325,0
1612,-1.586344913,0.321148505,0
1613,-1.837807673,0.333223883,0
1614,-1.717610817,0.408039439,0
1615,-1.931409459,0.503893369,0
1616,-1.945355761,0.263123691,0
1617,-1.894976043,0.227655269,0
1618,-1.858581319,0.432103274,0
1619,-1.826148358,0.252009955,0
1620,-1.757272863,0.329852322,0
1621,-1.908351257,0.245076482,0
1622,-1.67805397,0.44958609,0
1623,-1.739041294,0.42233294,0
1624,-1.86449559,0.301915382,0
1625,-1.905310087,0.3816486,0
1626,-1.884283632,0.304468992,0
1627,-1.806487139,0.300425668,0
1628,-1.787039606,0.269542951,0
1629,-1.594126846,0.515697173,0
1630,-1.881098173,0.558539951,0
1631,-2.12256149,0.266616894,0
1632,-2.148079366,0.317968616,0
1633,-1.873740064,0.587922903,0
1634,-2.472042974,0.254682299,0
1635,-2.225781804,0.308972965,0
1636,-2.116870361,0.428379222,0
1637,-2.040675277,0.195544685,0
1638,-2.107662768,0.480975869,0
1639,-2.210540222,0.304492586,0
1640,-2.147432934,0.213549668,0
1641,-2.076433816,0.426281908,0
1642,-2.337451328,0.46054647,0
1643,-2.345362214,0.21608922,0
1644,-2.049648986,0.270802864,0
1645,-1.839685265,0.407050068,0
1646,-2.063293906,0.445567835,0
1647,-2.124838529,0.13021468,0
1648,-1.954068583,0.432520876,0
1649,-2.048707383,0.420427578,0
1650,-1.961104824,0.314099481,0
1651,-2.02437471,0.17475804,0
1652,-1.715012035,0.484909757,0
1653,-1.981482001,0.462224646,0
1654,-2.118219195,0.225124205,0
1655,-1.996231191,0.475741843,0
1656,-2.177024231,0.173843902,0
1657,-1.984658768,0.475592352,0
1658,-2.028003026,0.291419759,0
1659,-1.973112756,0.488791104,0
1660,-1.941538074,0.335306588,0
1661,-2.361761143,0.177119464,0
1662,-1.930751341,0.386282752,0
1663,-1.879927104,0.154537934,0
1664,-1.926681476,0.431002294,0
1665,-2.036954999,0.384793007,0
1666,-1.951507796,0.315410554,0
1667,-1.918796113,0.47346122,0
1668,-2.124062671,0.585211734,0
1669,-2.309942694,0.307435504,0
1670,-2.032674589,0.223670732,0
1671,-2.179995434,0.545789066,0
1672,-2.241558362,0.22510178,0
1673,-2.202230498,0.335064242,0
1674,-2.250007074,0.374973557,0
1675,-2.324901694,0.306282568,0
1676,-2.088882852,0.50048945,0
1677,-2.314005383,0.214968483,0
1678,-2.354123137,0.165004527,0
1679,-1.947627932,0.391853544,0
1680,-1.930002873,0.156050812,0
1681,-1.709471415,0.44810259,0
1682,-1.94260208,0.209806066,0
1683,-1.668122049,0.410465128,0
1684,-1.936341833,0.216958027,0
1685,-1.843219854,0.278494383,0
1686,-1.616684325,0.495710957,0
1687,-1.710824677,0.486217756,0
1688,-2.03710282,0.550599969,0
1689,-2.26492881,0.203122587,0
1690,-2.043081295,0.362614642,0
1691,-2.032448003,0.22367256,0
1692,-1.869191988,0.404623346,0
1693,-1.97579036,0.096806002,0
1694,-1.881821314,0.39787723,0
1695,-1.627988721,0.502575883,0
1696,-1.908765904,0.27461797,0
1697,-1.832100299,0.156787208,0
1698,-1.70432918,0.385109703,0
1699,-1.744010795,0.470625458,0
1700,-1.619197733,0.498039771,0
1701,-1.968017469,0.548608379,0
1702,-2.36485702,0.369231008,0
1703,-2.389144523,0.366216631,0
1704,-2.371854823,0.486328703,0
1705,-2.32703002,0.431277041,0
1706,-2.543851152,0.240622628,0
1707,-2.340614476,0.309918194,0
1708,-2.239657306,0.147844415,0
1709,-2.221294694,0.33998898,0
1710,-1.908882049,0.452979543,0
1711,-2.16602269,0.113545798,0
1712,-1.887967418,0.480842644,0
1713,-2.042858472,0.278727632,0
1714,-1.991350654,0.241835523,0
1715,-1.964616842,0.423117985,0
1716,-1.808818665,0.455832364,0
1717,-2.259700561,0.262346583,0
1718,-1.969944605,0.328838227,0
1719,-2.060919903,0.219179147,0
1720,-1.944102405,0.258660506,0
1721,-1.799019156,0.336413791,0
1722,-1.724801474,0.482923433,0
1723,-1.791223446,0.291446286,0
1724,-2.086350006,0.293532886,0
1725,-1.817724189,0.312625943,0
1726,-1.838566778,0.296635013,0
1727,-1.74256715,0.493690265,0
1728,-1.778788322,0.308837747,0
1729,-1.612452315,0.498086615,0
1730,-2.191125044,0.180566074,0
1731,-1.886759692,0.519155054,0
1732,-2.014153902,0.301153169,0
1733,-2.098721761,0.12376858,0
1734,-1.950170261,0.44948058,0
1735,-1.776172129,0.525764992,0
1736,-1.995022259,0.328759248,1
1737,-0.963089273,0.631636131,1
1738,-0.096940485,0.59214529,1
1739,0.505557507,0.895359721,1
1740,0.560485777,0.752481793,1
1741,1.064208847,0.945964635,1
1742,1.45556233,1.006000313,1
1743,1.549137766,1.074953112,1
1744,1.833922655,1.082142674,1
1745,1.658644849,1.141550271,1
1746,2.024225699,0.99346675,1
1747,1.925217854,1.153397855,1
1748,1.924975048,1.224191341,1
1749,1.922898099,1.178394436,1
1750,1.934167121,1.064175073,1
1751,2.070804512,1.051244272,1
1752,1.868156034,0.865199096,1
1753,2.056789553,1.239418078,1
1754,2.098302635,1.074441846,1
1755,2.13787608,1.071881425,1
1756,2.294010818,1.29314568,0
1757,1.222548035,0.988802428,0
1758,0.534520239,0.840709885,0
1759,-0.36378029,0.785818511,0
1760,-0.488285834,0.672609512,0
1761,-0.87457619,0.545555651,0
1762,-1.060649318,0.420018466,0
1763,-1.2345276,0.600323986,0
1764,-1.573768168,0.379469893,0
1765,-1.494787737,0.482764257,0
1766,-1.504875378,0.310421751,0
1767,-1.321721448,0.31265122,0
1768,-1.47339099,0.533809624,0
1769,-1.823645699,0.613759393,0
1770,-1.980929877,0.442703669,0
1771,-2.107463777,0.259812565,0
1772,-2.003041019,0.44154386,0
1773,-2.173308063,0.455667399,0
1774,-2.216557252,0.282174874,0
1775,-2.27800741,0.382942679,0
1776,-2.310315045,0.38198014,0
1777,-2.232011199,0.479149297,0
1778,-2.366962273,0.242367106,0
1779,-2.190020102,0.343678576,0
1780,-2.281706661,0.329664745,0
1781,-2.101277184,0.344739241,0
1782,-2.094359585,0.319955779,0
1783,-2.272385127,0.207421384,0
1784,-2.040307479,0.332501882,0
1785,-2.108328222,0.221806453,0
1786,-2.081443138,0.355165288,0
1787,-2.306053415,0.433141308,0
1788,-2.088037628,0.376955202,0
1789,-2.053202425,0.432493925,0
1790,-2.120295012,0.402426015,0
1791,-2.362870175,0.33811616,0
1792,-2.242635343,0.34530963,0
1793,-2.093054631,0.369457758,0
1794,-2.182343511,0.208482856,0
1795,-2.263210108,0.20524398,0
1796,-1.896877274,0.460784595,0
1797,-1.867939927,0.144633707,0
1798,-1.84251938,0.553615527,0
1799,-1.919214012,0.16065156,0
1800,-1.962577695,0.34715116,0
1801,-2.061707499,0.387368135,0
1802,-1.89667667,0.306874273,0
1803,-1.771271237,0.356699285,0
1804,-1.903978612,0.433214325,0
1805,-1.97813228,0.421317539,0
1806,-2.046547379,0.377481588,0
1807,-1.93281839,0.446893201,0
1808,-2.057784705,0.362300185,0
1809,-2.103881206,0.327348675,0
1810,-2.106973474,0.31944759,0
1811,-1.935121919,0.323732548,0
1812,-2.083941054,0.401858797,0
1813,-2.245431703,0.286577951,0
1814,-2.04990365,0.435965614,0
1815,-2.121624121,0.339005148,0
1816,-2.107604734,0.344506875,0
1817,-1.945724514,0.285405831,0
1818,-2.142074387,0.355419077,0
1819,-2.101822329,0.373544082,0
1820,-2.125790503,0.320327709,0
1821,-2.014644234,0.393413466,0
1822,-2.145356713,0.49214636,0
1823,-2.08027319,0.330887083,0
1824,-2.300998961,0.191764705,0
1825,-2.062714914,0.200566622,0
1826,-1.890654145,0.39620314,0
1827,-2.116581756,0.250974835,0
1828,-1.886729757,0.502222164,0
1829,-1.9891624,0.393568616,0
1830,-2.176289878,0.340453099,0
1831,-2.155309141,0.299507575,0
1832,-2.153776947,0.36232698,0
1833,-2.018804221,0.477562845,0
1834,-2.198877185,0.319555645,0
1835,-2.231929115,0.255421697,0
1836,-1.996583201,0.392632128,0
1837,-2.086006259,0.388829922,0
1838,-2.203312039,0.469914946,0
1839,-2.345031209,0.399617175,0
1840,-2.451295193,0.388611647,0
1841,-2.480508995,0.201302128,0
1842,-2.251814399,0.254191087,0
1843,-1.994483778,0.34767192,0
1844,-2.086193122,0.344014204,0
1845,-2.131926041,0.424328704,0
1846,-1.954133749,0.203999565,0
1847,-1.937051402,0.346701053,0
1848,-2.033682816,0.40212099,0
1849,-2.037965009,0.297742649,0
1850,-1.870175646,0.339659407,0
1851,-2.084214219,0.311298296,0
1852,-1.885675734,0.255567696,0
1853,-1.865673969,0.286420237,0
1854,-1.945626775,0.468137654,0
1855,-1.989115485,0.248923667,0
1856,-1.91114852,0.40955572,0
1857,-1.984100012,0.327359102,0
1858,-2.071750076,0.326294526,0
1859,-2.046737872,0.230508004,0
1860,-1.862414841,0.345601632,0
1861,-1.773814495,0.401889448,0
1862,-1.847669083,0.503284213,0
1863,-2.027299229,0.24661167,0
1864,-1.960766899,0.35420532,0
1865,-1.941770173,0.371665454,0
1866,-2.039920685,0.175613971,0
1867,-1.808387859,0.54653287,0
1868,-1.921437546,0.38265334,0
1869,-1.979899272,0.495885252,0
1870,-2.188421451,0.355287144,0
1871,-2.160817526,0.223527818,0
1872,-2.003978221,0.336384788,0
1873,-2.014371892,0.424654768,0
1874,-2.138342647,0.356046968,0
1875,-2.035760361,0.524228551,0
1876,-2.302012912,0.149126617,0
1877,-2.059376719,0.370920021,0
1878,-2.027132881,0.304771289,0
1879,-2.109791531,0.32849192,0
1880,-2.049780268,0.432425261,0
1881,-2.041336575,0.301733346,0
1882,-2.168829859,0.455162407,0
1883,-2.225824164,0.423033246,0
1884,-2.073907887,0.486281182,0
1885,-2.37001486,0.294198459,0
1886,-2.317841296,0.408469298,0
1887,-2.382780733,0.127875183,0
1888,-2.124989179,0.304136537,0
1889,-2.132737271,0.44758176,0
1890,-2.222399296,0.356409852,0
1891,-2.240584084,0.295704705,0
1892,-1.976383517,0.415859092,0
1893,-2.181246613,0.289419032,0
1894,-2.19102922,0.293927135,0
1895,-2.173412234,0.291576072,0
1896,-2.12302015,0.324515934,0
1897,-2.037964372,0.470017352,0
1898,-2.217849838,0.10262788,0
1899,-1.943447836,0.428565583,0
1900,-1.978954099,0.41675089,0
1901,-2.095712028,0.343614976,0
1902,-2.201159387,0.352259305,0
1903,-2.051900777,0.262997028,0
1904,-2.080884287,0.388017178,0
1905,-2.03327792,0.376554964,0
1906,-2.017668982,0.354022194,0
1907,-1.943100958,0.342561964,0
1908,-2.046210937,0.492034824,0
1909,-2.112065948,0.33770456,0
1910,-2.164289301,0.34270929,0
1911,-2.234676767,0.241453213,0
1912,-1.913802909,0.220813472,0
1913,-2.116050319,0.169054985,0
1914,-1.491320839,0.364350484,0
1915,-1.693351129,0.392585452,0
1916,-1.789578716,0.213298845,0
1917,-1.697848291,0.384509999,0
1918,-1.7046926,0.359232649,0
1919,-1.817976878,0.68700978,0
1920,-2.118040768,0.32932419,0
1921,-1.875227704,0.326715748,0
1922,-2.180664205,0.3266986,0
1923,-2.021272124,0.329172922,0
1924,-2.082941911,0.20483721,0
1925,-1.868911465,0.298482205,0
1926,-1.885226324,0.344229555,0
1927,-1.863310393,0.330616514,0
1928,-1.851160415,0.177042299,0
1929,-1.569457808,0.529791518,0
1930,-1.964891239,0.320686403,0
1931,-1.851639737,0.115465569,0
1932,-1.666003036,0.278937382,0
1933,-1.650891371,0.462555424,0
1934,-1.755502057,0.418266721,0
1935,-1.676355381,0.289997235,0
1936,-1.608861553,0.533715569,0
1937,-1.784681951,0.316439326,0
1938,-1.906280304,0.200100161,0
1939,-1.677165815,0.553102627,0
1940,-1.821067028,0.344512755,0
1941,-1.729859095,0.240831905,0
1942,-1.741480978,0.434771541,0
1943,-2.139572313,0.293925005,0
1944,-1.842611117,0.442582176,0
1945,-1.941059139,0.356738919,0
1946,-1.902270787,0.453995698,0
1947,-2.137283309,0.32349734,0
1948,-1.861714598,0.278133138,0
1949,-1.926780779,0.542307494,0
1950,-2.188487179,0.304193379,0
1951,-2.205494939,0.35478516,0
1952,-2.23739936,0.260467225,0
1953,-2.068104472,0.336065239,0
1954,-1.907090286,0.276888606,1
1955,-1.025443763,0.542900241,1
1956,-0.007026499,0.777362045,1
1957,0.436560074,0.889658541,1
1958,0.752466967,1.200805723,1
1959,0.73625086,0.979335032,1
1960,0.91607429,0.938045185,1
1961,1.369888052,1.213109416,1
1962,1.093005692,0.953907706,1
1963,1.393498274,0.922218513,1
1964,1.961846394,1.202414179,1
1965,1.503880493,1.023373668,1
1966,1.880417909,0.827946381,1
1967,2.151069773,1.220574382,1
1968,1.929860548,1.218677451,1
1969,1.834461551,1.197905618,1
1970,1.774301547,0.966773223,1
1971,1.859426913,0.995635221,1
1972,2.193392247,1.142339301,1
1973,2.086692719,1.063268983,1
1974,2.209210686,1.149850966,0
1975,1.474741893,1.034135292,0
1976,0.527035005,0.972848617,0
1977,-0.142707925,0.581732167,0
1978,-0.382257745,0.650004314,0
1979,-0.743072224,0.474723489,0
1980,-0.852543008,0.561781918,0
1981,-1.12546666,0.683314218,0
1982,-1.205721343,0.44750003,0
1983,-1.452834875,0.483914555,0
1984,-1.489861492,0.515268467,0
1985,-1.827552461,0.43321756,0
1986,-2.096944039,0.238558825,0
1987,-1.719089578,0.244485022,0
1988,-1.507992867,0.479921668,0
1989,-1.766755203,0.320192943,0
1990,-1.831850335,0.402472493,0
1991,-1.894442741,0.224934427,0
1992,-1.789279632,0.333266029,0
1993,-1.805716801,0.42773287,0
1994,-1.724170235,0.393127061,0
1995,-1.875773417,0.283918507,0
1996,-1.98566349,0.401925627,0
1997,-2.128486457,0.491108944,0
1998,-2.191550703,0.2716761,0
1999,-2.027656901,0.4005856,0
